{
  "ssmcCount": 0,
  "numOfIncidentsInShift": 0,
  "numOfSubmissionsInWeek": 0,
  "numOfServInYear": 0,
  "safetyCompMeeting": 0,
  "safetyCompMeetingWk": 0,
  "safetyCompVehicle": 0,
  "safetyCompVehicleWk": 0,
  "safetyCompRunway": 0,
  "safetyCompRunwayWk": 0,
  "safetyCompFence": 0,
  "safetyCompFenceWk": 0,
  "safetyCompWildlife": 0,
  "safetyCompWildlifeWk": 0,
  "safetyCompObstacle": 0,
  "safetyCompObstacleWk": 0,
  "safetyCompDriver": 0,
  "safetyCompDriverWk": 0,
  "safetyCompInfringement": 0,
  "safetyCompInfringementWk": 0,
  "shiftHandoverStatus": 0,
  "shiftHandoverStatusWk": 0,
  "runwayInspectionStatus": 0,
  "runwayInspectionStatusWk": 0,
  "sunsetInspectionStatus": 0,
  "sunsetInspectionStatusWk": 0,
  "serviceabilityStatus": 0,
  "serviceabilityStatusWk": 0,
  "vehicleInspectionStatus": 0,
  "vehicleInspectionStatusWk": 0,
  "firearmRegisterStatus": 0,
  "firearmRegisterStatusWk": 0,
  "ammunitionRegisterStatus": 0,
  "ammunitionRegisterStatusWk": 0,
  "shiftCoverageMotor": 0,
  "shiftCoverageMotorWk": 0,
  "shiftCoverageFirearm": 0,
  "shiftCoverageFirearmWk": 0,
  "shiftCoverageRunway": 0,
  "shiftCoverageRunwayWk": 0,
  "shiftCoverageTaxiway": 0,
  "shiftCoverageTaxiwayWk": 0,
  "shiftCoverageApron": 0,
  "shiftCoverageApronWk": 0,
  "shiftCoverageWindIndicator": 0,
  "shiftCoverageWindIndicatorWk": 0,
  "shiftCoverageBay": 0,
  "shiftCoverageBayWk": 0,
  "shiftCoverageFence": 0,
  "shiftCoverageFenceWk": 0,
  "shiftCoverageWildlife": 0,
  "shiftCoverageWildlifeWk": 0,
  "shiftCoverageEGR": 0,
  "shiftCoverageEGRWk": 0,
  "shiftCoverageEscort": 0,
  "shiftCoverageEscortWk": 0,
  "shiftCoverageFixedObs": 0,
  "shiftCoverageFixedObsWk": 0,
  "shiftCoverageTempObs": 0,
  "shiftCoverageTempObsWk": 0,
  "shiftCoverageLighting": 0,
  "shiftCoverageLightingWk": 0,
  "shiftCoverageParking": 0,
  "shiftCoverageParkingWk": 0,
  "shiftCoveragePermit": 0,
  "shiftCoveragePermitWk": 0,
  "shiftCoverageDriverObs": 0,
  "shiftCoverageDriverObsWk": 0,
  "currentShiftCount": 81,
  "wtdShiftCount": 100,
  "mtdShiftCount": 100,
  "qtdShiftCount": 232,
  "ytdShiftCount": 0,
  "currentShiftCountIndex": 85,
  "wtdShiftCountIndex": 1105,
  "mtdShiftCountIndex": 4750,
  "qtdShiftCountIndex": 14250,
  "ytdShiftCountIndex": 57000,
  "inspectedBays": []
}
